alaika,pala,asmenot,rkkot,filter_$
25,105,6420,66000,1
66,80,4800,52000,0
38,80,5040,25500,0
71,160,6996,83500,1
17,100,7860,128500,1
31,65,1392,132500,1
36,98,2940,95500,1
7,51,7536,54000,0
3,98,4560,148000,0
19,120,5400,164500,0
34,100,2400,97000,0
20,90,1800,80000,0
15,100,3600,108500,0
20,107,14364,73000,0
44,168,5640,121000,0
17,120,13200,168000,1
19,84,12564,110000,0
7,110,4716,136500,0
36,200,7656,172000,1
6,158,12420,160000,0
3,18,5988,14500,0
53,200,8400,73000,1
17,80,5436,113500,0
18,126,6000,139000,0
12,78,5172,57500,0
45,40,1416,78000,1
47,106,2940,101500,1
6,100,2364,77500,0
10,100,7800,117000,0
4,52,4476,56500,1
8,105,5580,119500,1
17,64,18300,109500,1
15,80,2376,93500,1
10,83,19800,173500,1
28,100,9600,121000,0
24,34,9600,50000,0
7,132,14400,165500,0
25,200,7200,198500,1
1,27,3600,81000,1
14,64,6960,85500,0
6,84,9360,103500,0
20,80,6000,152500,1
9,200,9600,197500,0
5,47,5400,48500,1
22,68,7200,161000,1
22,138,8400,240000,1
4,129,9000,186000,0
5,66,7800,120000,1
0,76,9480,69000,0
6,26,3000,62500,1
4,34,13200,130000,1
5,49,6048,60500,1
6,98,8400,139000,1
0,76,7608,37000,0
2,86,7800,195000,1
0,45,12000,75500,0
3,60,5160,128000,0
4,95,12000,191000,0
8,150,6000,179500,1
14,150,4680,151000,0
18,71,9600,84000,0
4,80,7200,174000,0
0,75,14160,106500,0
10,46,4680,55000,0
2,57,9600,47500,1
8,110,15120,185500,1
0,60,4212,94000,0
13,54,12708,108500,1
7,85,7800,223000,0
15,82,10200,144000,1
6,62,6000,120000,1
0,71,17400,124000,1
1,79,6000,101500,1
0,46,11880,58000,1
2,78,6000,140000,1
18,64,4500,87000,1
9,180,6600,175000,0
6,74,6360,150000,1
50,150,4200,45500,0
8,91,12000,148000,0
30,90,9264,86000,1
0,54,14400,44500,1
2,120,7740,183000,1
2,75,1800,169000,1
0,60,12600,115500,0
11,80,7200,91000,0
0,51,12684,54500,0
5,91,17976,108000,0
6,58,16800,71500,0
4,250,15000,107000,0
2,55,5160,110000,1
6,68,13200,98500,0
65,104,4020,60500,0
22,70,0,218500,1
25,110,4488,196000,0
5,115,8400,64500,0
42,220,5940,108500,1
15,40,2280,91000,0
47,33,7680,38000,1
25,48,5784,83000,0
26,126,4368,102500,0
11,124,5400,110500,0
2,71,6960,40500,1
14,60,7380,61000,1
11,110,7344,131000,1
1,60,15192,118500,1
50,90,4800,50000,0
31,52,4800,53500,0
13,50,3360,51000,0
33,105,2880,143500,1
0,42,7560,57500,1
8,116,7080,113500,0
14,90,6480,71000,1
29,40,0,87000,1
30,53,13176,78000,1
80,50,3804,34500,1
39,30,4800,106000,1
4,83,11700,106500,0
53,75,7560,34500,1
27,80,8808,93500,0
17,116,9780,123000,1
1,125,5400,126500,1
1,150,21240,127000,1
46,185,9948,106000,1
5,107,5400,136500,1
10,57,5916,46500,1
1,35,3600,11000,0
15,98,7692,123000,1
15,71,12000,144000,1
18,70,9336,142500,1
3,120,7440,184500,1
41,123,4800,121500,0
27,120,18000,135000,0
86,70,7872,48500,0
17,75,7320,117500,0
7,100,3048,88000,0
13,100,7740,105500,1
9,102,13200,154500,1
10,56,13200,53500,1
10,71,5844,102000,1
57,200,924,53500,0
14,83,4884,95000,1
27,85,792,105500,0
3,15,3000,8000,0
15,51,7332,42500,1
3,110,4800,145500,1
10,140,4800,137500,0
19,82,4440,47000,1
4,105,4560,115500,0
6,58,4320,128500,0
7,112,6720,110000,1
9,81,6948,41000,1
35,52,2880,105500,0
43,23,3900,26500,0
14,180,6600,136500,1
52,60,1740,63500,0
23,100,5400,183500,0
30,114,6000,66000,1
10,240,10800,228500,1
10,63,5748,53000,0
6,56,4800,30500,1
2,60,16800,87500,0
13,33,9012,34000,1
22,72,18000,194500,0
5,84,6000,86000,1
2,50,5880,51500,1
13,57,7200,80500,0
0,110,6240,102500,0
2,86,2604,98000,0
9,89,7800,86500,1
23,110,1020,100500,1
10,85,10800,106000,0
3,39,6000,87500,0
1,50,9024,66000,1
22,100,18000,83500,1
2,42,6600,54500,0
10,28,9000,66500,0
15,67,6120,104000,0
3,50,12000,80500,1
0,26,4200,59500,1
7,100,8880,197500,1
4,129,7320,143500,0
0,93,10800,35500,1
0,61,16200,106000,1
31,115,6912,127000,1
5,75,6912,60500,1
0,45,9600,66500,1
0,190,3840,29000,0
7,67,6720,199500,1
17,241,26028,272000,1
10,150,27600,184500,0
8,50,7200,64500,0
2,35,6000,35500,0
15,65,7200,138500,0
26,120,3000,107000,1
1,64,12000,46000,1
2,58,16200,78500,1
16,128,19908,198500,1
11,80,11652,146000,1
8,14,8208,35500,0
5,30,12000,81500,1
17,85,12000,191000,1
1,23,15600,44500,0
5,70,23772,93500,0
20,56,6000,95500,0
0,15,1248,48500,0
1,33,4800,36000,0
19,64,15600,120500,0
24,87,10620,120000,0
2,35,6600,73000,0
25,152,9120,106500,0
18,24,7200,66500,0
0,55,7800,123000,0
3,75,18000,167500,0
5,60,18000,110000,0
3,78,24000,124000,0
0,25,13200,56000,1
17,72,6588,137500,0
0,28,3600,65500,0
28,65,5820,39500,0
1,40,9000,17500,0
3,18,34800,45000,1
10,73,12000,118000,0
1,38,6000,108500,1
10,52,8400,98500,0
16,80,30000,181000,1
16,120,15600,165000,1
20,27,2928,64500,0
4,85,24000,115500,0
25,51,10596,33000,1
20,150,14400,310000,0
28,86,9468,131000,1
22,47,6000,99000,0
20,65,7200,117000,0
4,38,8400,107000,0
2,35,4080,48000,0
59,57,7200,119000,1
36,74,6840,100500,0
1,50,9000,132500,1
15,92,19560,170000,1
1,200,8400,155500,1
3,44,5364,72000,1
1,74,16944,100500,1
21,46,4644,42500,1
0,56,3600,25500,0
10,72,9072,135500,1
0,44,4800,83500,1
27,85,7200,90000,1
13,74,11664,135000,1
14,60,13200,216000,1
2,12,7392,29500,1
1,70,16800,150500,0
4,59,16572,117000,0
10,15,0,34500,0
31,61,8580,132000,1
20,85,9720,120000,0
27,100,6000,151000,0
7,120,10500,160500,1
5,81,6240,140000,1
7,62,10680,134500,1
25,34,7080,98500,1
1,29,3960,118000,0
7,38,4440,40500,0
41,30,5316,30500,1
7,70,6000,59000,0
12,55,5376,65000,1
15,42,7068,71500,0
40,52,12600,46500,0
14,26,3360,89500,1
15,38,4560,37000,0
41,42,5316,34000,0
42,19,2376,27000,0
11,48,9360,66500,0
14,25,5472,32500,0
4,77,6840,148500,0
5,70,7440,100500,1
10,50,11760,167500,1
24,30,2880,31000,0
1,48,3456,89500,1
7,35,9204,55000,0
18,15,1680,33500,0
33,15,18000,32000,0
33,47,7800,62000,0
0,35,7800,125000,1
1,47,7800,131500,0
7,58,5760,85500,1
17,69,14400,117500,1
11,78,14400,101000,0
0,74,14040,98500,0
12,54,7200,142500,0
25,38,4956,39000,1
0,78,8904,119000,0
20,50,5040,53000,0
7,57,7200,104000,0
6,51,9600,75500,0
20,75,9600,137500,1
24,120,12000,80500,0
0,50,4200,81000,1
5,51,10932,64000,1
4,62,12240,48000,1
6,81,7800,155500,0
9,120,1476,151500,0
49,90,6000,55500,0
0,66,12840,83500,0
46,100,9600,64500,1
0,26,8664,96000,0
3,55,11532,75500,1
0,74,6072,47500,0
0,10,7800,48500,1
24,60,18600,105500,0
15,60,6996,137500,0
5,61,6600,89000,1
33,86,9984,143000,0
0,68,20400,152500,1
7,94,19200,112500,0
14,80,15600,112500,0
2,52,13368,88500,0
6,29,12000,54000,0
6,58,12852,113000,0
7,28,7200,35000,0
7,105,15600,141500,1
7,63,13500,44500,1
5,83,7056,152000,0
17,132,12720,175000,0
13,98,8196,154000,0
3,60,23400,73000,0
17,92,8400,165000,1
2,33,8064,53500,0
3,47,12720,102000,0
6,93,21240,142000,1
0,90,20160,123500,0
1,60,15396,63000,1
8,70,6720,144000,1
8,87,6228,209000,1
0,34,15000,56000,0
20,88,6936,112500,1
7,63,7752,78000,0
13,35,4320,65500,0
8,81,6600,149500,1
11,28,5928,25500,1
3,72,7200,165500,0
10,89,10800,168000,0
24,37,4560,87000,1
6,47,5436,224000,0
22,54,9444,42500,0
31,50,6360,57000,0
18,50,9600,93500,1
5,86,12000,251000,1
13,66,5580,37000,1
24,120,16800,85000,0
14,186,19800,221500,1
6,33,3000,53500,0
0,80,7800,182000,1
3,69,7104,115500,1
16,120,8892,140000,0
11,97,9120,162500,1
3,120,9000,151000,0
6,56,8400,141500,0
16,80,16800,164500,0
9,98,27600,137500,1
21,32,3888,33000,0
2,41,5244,79000,0
6,57,13200,125000,0
4,80,9600,73500,0
19,68,13800,139500,0
8,86,9696,176500,1
6,62,6240,166000,0
6,33,9300,36000,1
0,84,21720,178000,1
6,54,13440,122500,1
16,56,6168,116500,0
20,36,3600,29500,1
16,78,7500,137000,0
15,73,6420,158000,0
9,42,7200,37500,1
18,57,14400,122000,1
20,54,10200,90500,0
2,81,8400,223000,0
3,58,15720,90500,0
21,61,14400,108500,1
18,160,9000,188500,0
18,80,5988,143500,1
9,90,7800,130000,1
3,76,12600,103000,0
10,100,8400,168000,0
1,55,6480,123000,0
5,77,8940,22000,0
1,50,6240,108000,1
15,50,7200,91000,0
11,73,9600,116000,1
16,83,7680,136500,1
2,90,6000,120000,1
29,40,4140,41000,1
19,70,7224,35000,1
9,74,6600,119000,0
14,60,13200,29500,1
4,105,4500,143500,0
6,137,6360,117500,0
5,180,13800,310000,1
0,36,6252,100000,0
4,60,13200,133000,0
4,78,6084,79000,1
6,87,8868,142000,0
15,51,5400,130000,0
4,33,4584,140000,1
42,77,9300,62000,0
7,31,6000,25500,0
2,35,2100,53000,0
14,32,7536,36500,1
7,55,6360,73000,0
4,60,16884,64500,1
13,78,14400,98000,0
12,75,18360,100000,0
12,60,12600,54000,0
10,60,14400,195000,0
6,75,17760,116500,0
6,85,24000,94500,1
5,150,9852,133500,0
15,140,7200,150000,1
9,124,6876,159000,1
19,40,7320,118500,0
26,107,7200,158000,1
9,120,6636,118000,0
7,104,7764,122500,1
2,63,6000,129500,1
4,50,14400,119000,1
13,82,2400,212000,1
15,80,13200,131000,1
36,80,6480,84000,0
5,81,10800,65000,1
5,33,6408,128000,1
0,50,7716,132500,0
19,75,6240,121500,0
2,59,6000,84500,0
1,94,22800,121000,1
60,220,12000,166000,1
0,59,6000,64000,1
8,73,7200,129000,1
9,57,14640,69000,1
1,87,32400,160000,0
0,70,12000,11500,0
12,140,9600,136500,0
0,60,18000,127500,0
4,59,15600,104500,1
16,73,12000,131000,1
6,78,13572,97500,1
1,119,9600,117500,1
14,82,7344,127500,0
15,91,10200,140500,1
14,99,11808,153000,0
4,65,5040,89000,0
6,105,4980,139000,1
31,56,6960,61500,0
0,60,4800,98500,0
0,51,6000,118000,0
8,133,12000,146500,1
69,34,1020,37500,1
0,76,15240,98500,1
11,33,3576,22000,1
24,87,18000,83500,1
38,78,7200,121000,0
33,98,3120,40000,0
15,95,12000,174500,1
16,152,4020,184000,1
2,85,5760,68000,0
1,95,5196,140000,1
15,80,792,82500,1
20,160,12900,97500,0
0,70,6600,110500,1
17,25,4176,35000,0
38,75,576,59500,0
0,55,12000,37000,1
17,57,11160,113000,0
30,29,4896,29000,1
5,34,2856,37000,0
4,76,15000,127500,0
7,90,13164,50000,1
5,150,24000,200000,0
5,96,16680,110000,0
25,53,5400,101500,0
2,64,11400,49000,0
5,63,11400,114000,0
17,85,6360,62500,0
4,82,14400,171500,1
5,46,9600,113500,0
3,101,11640,167000,0
3,116,7200,192500,1
48,120,7296,87500,0
0,102,5400,99000,0
13,84,408,83500,0
0,35,7608,74000,0
10,24,0,11500,0
57,86,5592,93500,1
13,57,6000,38500,0
1,40,5568,9500,0
6,14,0,27000,1
4,112,3384,130500,0
2,90,5640,118000,0
30,50,6000,42000,0
4,150,7536,203000,0
21,117,6000,161500,0
3,77,16200,124000,0
1,70,13200,122000,1
12,72,10680,240000,0
1,47,6600,108500,0
18,78,6000,61500,0
3,98,4260,132500,1
4,83,5040,79000,1
1,83,6960,76500,0
3,200,6264,151500,0
33,120,1560,91000,0
13,120,4800,98500,0
54,43,3600,29000,0
2,75,9000,154000,0
8,120,6720,140000,0
42,104,900,139000,0
34,120,5100,100500,1
0,59,14076,69500,1
16,70,7200,102000,1
11,62,0,94000,0
18,105,9600,151500,1
41,150,2208,58500,0
9,220,0,118000,0
1,94,5100,71000,0
18,125,2196,126000,0
19,80,9120,76500,1
38,60,0,36000,1
41,112,6852,29000,1
55,60,3876,69000,0
21,120,11916,162500,0
21,150,6696,148500,0
24,100,3792,125500,1
2,93,2892,134500,0
29,50,5412,42000,1
32,120,9540,80000,0
21,60,10200,90500,0
3,51,6600,105500,1
5,80,6720,51500,0
18,80,6108,75500,1
14,155,924,23000,0
17,110,7200,142000,0
13,68,7200,64000,1
3,42,4800,111000,0
36,90,4020,88000,1
11,51,8760,90000,0
0,152,7260,127500,0
23,75,5664,100000,0
21,75,8160,73000,1
13,50,10200,48500,0
12,57,9000,90000,1
6,73,16560,75500,0
6,117,6000,108000,1
14,100,4800,113000,0
38,60,3264,37000,1
10,30,3456,91000,1
35,95,5892,58000,0
49,119,10044,101000,1
29,100,4296,116000,0
0,89,9480,33500,1
21,180,8124,44500,1
0,59,14400,63500,0
58,120,3192,75000,0
70,20,2568,68000,0
39,28,5040,29500,1
14,106,6600,98500,1
0,56,9600,60000,1
15,80,4872,42500,0
7,86,9504,103500,1
15,53,11400,105500,0
2,78,6264,169000,1
16,28,2760,32500,0
11,66,7716,101500,1
2,52,8760,73500,1
57,60,12000,76000,1
1,54,5568,37000,1
9,93,21396,71500,0
11,79,5196,113000,0
1,62,14040,85500,1
0,64,5892,80000,0
6,75,10800,132000,0
30,80,4800,68000,0
6,55,10512,110500,0
10,50,4920,34500,0
8,99,9780,117500,0
2,119,6780,96000,0
15,120,7800,153000,0
18,60,13080,59500,0
5,25,5796,29000,1
8,74,5520,107000,1
1,175,8052,130500,0
16,119,3060,101000,0
42,80,3600,43500,1
35,120,1200,130000,0
0,69,19200,38000,1
4,76,5400,140000,0
5,140,600,106500,1
19,190,12000,171500,0
2,80,4800,110000,1
5,48,12000,96500,1
12,119,8424,148500,1
0,120,0,128500,0
10,63,4380,82000,1
58,65,8508,64500,1
15,110,9228,121500,1
25,120,5172,128500,0
37,120,4740,56000,0
1,80,1200,64000,1
22,89,4356,130500,0
4,18,4764,17500,0
41,104,5796,86000,0
12,40,3804,118000,0
38,160,6600,145000,0
25,200,3516,310000,1
10,78,10080,91000,0
7,42,1008,74000,0
3,40,5400,42500,1
2,31,7980,62500,0
9,36,4560,59500,0
43,103,10356,74000,0
12,63,4560,127500,1
0,237,22200,152500,0
0,33,7800,37000,1
5,60,7200,70500,1
14,65,11136,46000,0
3,61,12084,83000,1
17,120,9540,186500,0
3,78,16272,129000,1
1,65,6492,99000,0
2,63,10920,105500,0
0,77,7800,101000,0
13,70,6000,129000,1
3,56,14700,62500,1
0,84,15840,42000,1
1,23,6156,22000,1
21,20,4800,20000,0
16,68,8400,137000,1
29,80,19200,70000,1
11,67,7800,42000,1
2,58,5004,48500,1
8,31,7200,35000,1
0,12,4440,8500,0
25,46,4200,137000,1
10,80,9480,146500,1
2,87,5040,107000,1
2,81,6048,140500,0
33,37,6840,25000,0
60,105,19200,139000,0
1,102,5280,112000,1
10,115,5700,148000,0
0,41,6000,74000,1
0,82,5664,92000,0
6,67,6600,110000,0
8,48,11304,55500,1
15,58,12960,69500,1
37,102,2244,130500,1
12,80,9360,174000,1
13,77,8400,139500,0
12,194,9720,140500,0
2,63,8280,36000,0
5,70,6360,109000,1
19,56,3996,118000,0
20,85,5760,89500,0
7,57,2580,34500,1
40,35,1608,78000,0
55,26,960,63000,1
13,61,5124,56500,0
9,58,6900,129500,1
3,51,3000,106000,0
2,31,3600,62000,0
4,37,3012,74500,0
31,107,6600,120000,0
3,100,6960,215500,1
2,50,3600,65500,1
5,74,16440,109500,1
14,62,12000,118500,1
29,52,4992,48000,0
0,18,12000,69500,1
15,79,14916,101000,0
15,79,14400,104000,0
15,116,7308,145500,0
27,53,7092,128500,1
15,110,7272,58500,1
6,40,4008,92000,1
6,24,5400,28000,1
3,41,7440,59500,0
12,107,8808,112000,0
14,165,9360,92000,0
5,93,18000,109000,1
32,43,4236,80000,0
2,70,7968,129000,1
3,100,9360,79000,0
3,79,14340,108000,1
2,79,5712,129000,0
12,90,9240,166000,0
4,61,4800,150500,1
6,60,10056,47000,0
4,100,6120,134500,1
3,61,15936,67000,1
8,96,8400,138500,1
24,100,4200,109500,1
39,70,6720,46500,0
50,60,2520,27000,1
2,30,6600,99000,1
6,50,11160,110500,0
2,55,1320,131500,1
0,50,4140,54500,0
47,30,3240,27500,1
32,55,5244,112500,1
11,200,5100,93000,0
0,75,19200,87000,1
31,140,9240,147500,1
30,26,4440,57500,1
1,76,6600,100500,0
30,56,4560,84000,1
27,100,6576,176000,0
2,77,0,53000,1
2,50,6000,9500,0
25,130,11688,29000,0
20,100,2100,69500,1
20,120,2700,117000,1
0,61,13200,29000,0
22,75,4356,69000,0
48,80,1248,89500,1
56,55,2088,21500,0
3,200,2052,229000,0
10,77,5160,88500,0
35,10,600,28500,0
65,80,4200,65000,0
40,120,2940,85000,0
18,150,4284,137500,0
33,66,2856,75500,1
8,118,5184,118000,1
29,89,4392,100000,0
8,76,16224,91000,0
2,40,4500,39000,1
1,15,0,8500,0
16,80,6600,132000,0
2,71,4800,66000,0
7,85,3600,167500,0
1,57,16440,76500,0
4,43,6348,58000,1
61,93,1296,107500,1
9,120,8040,147000,0
5,200,6720,193000,1
0,57,13884,78000,1
60,100,3588,30000,0
23,130,0,36000,0
53,70,468,124500,1
44,50,4800,98000,0
40,140,1332,52000,0
39,100,540,110000,0
68,70,3600,42500,0
9,51,13200,143000,0
11,110,12000,180500,1
12,121,31500,160500,1
15,240,3000,310000,0
20,80,12000,111500,0
1,140,14400,114500,1
1,51,18240,82000,1
58,98,3804,82500,1
20,78,5184,95500,1
33,250,13440,137500,0
52,96,4332,87000,0
4,68,4800,90000,0
61,90,2100,92000,0
27,23,1440,23500,0
6,76,18000,76000,1
19,75,6648,114000,1
15,110,3696,84000,0
19,31,4452,31000,1
14,100,8112,136000,1
18,78,12480,63500,0
31,35,1200,65000,1
17,103,11652,118500,1
0,74,10800,63500,0
30,80,2424,79500,1
13,64,6816,45500,1
34,120,5640,114000,0
3,85,3732,88500,0
39,70,3312,62500,0
2,115,6024,144000,0
2,57,12372,58500,0
9,70,6000,76500,0
7,120,5196,136000,0
5,90,6444,170500,0
35,115,6000,95500,0
13,85,9000,73000,0
2,76,8424,176500,1
4,75,4800,112000,1
16,43,4032,73000,1
23,75,9600,143000,1
1,38,7200,103500,0
3,76,10956,142500,0
16,107,9936,158000,0
2,77,7800,127000,1
1,83,9180,96500,0
1,78,7200,108000,0
2,78,20520,149500,0
6,48,3588,38500,1
25,50,1788,121000,1
19,134,4992,114000,0
20,174,2796,93500,1
43,63,4200,38000,1
4,100,4800,84000,0
17,74,7116,99000,1
2,97,4320,120500,0
4,76,5160,99500,1
15,94,6840,116000,1
5,35,5952,14000,0
2,240,4800,138500,0
17,120,4380,190500,0
0,79,21600,107500,0
7,60,11472,53000,0
5,84,7200,225000,1
3,31,7584,34000,1
21,100,16800,132500,1
26,80,14868,154000,1
11,237,6000,275500,0
55,60,4548,101000,0
7,100,8400,129500,1
12,71,11376,147500,0
70,60,396,83000,1
6,250,11700,78000,0
1,79,7200,58000,1
2,60,4800,11500,0
2,120,4860,70500,0
6,63,2640,66000,0
3,55,11640,60000,0
6,34,5256,57000,0
22,76,16140,106500,1
16,128,6756,127500,0
7,100,3660,44500,1
25,90,1560,120000,0
37,84,1116,92500,0
9,110,8040,99000,0
13,120,6504,141000,0
30,79,3480,101000,1
8,156,6504,118000,0
10,180,8400,129000,1
55,120,6600,155500,1
3,61,6324,50500,0
3,61,11904,56000,0
68,86,2004,50000,1
38,84,4800,30500,0
56,85,6000,78000,1
7,120,10704,144500,0
3,120,5856,125500,0
2,110,7080,122000,1
0,44,8532,18000,1
0,59,13632,68000,1
4,13,1740,34500,0
2,33,4224,24500,0
28,75,276,89000,0
6,57,10200,102500,1
56,100,2100,56500,1
11,74,13056,85000,1
71,40,3216,21000,1
23,100,6396,242500,1
14,100,5292,145000,1
4,69,1320,109500,1
75,50,3960,27500,0
7,176,5472,92500,0
17,52,6000,65500,0
10,50,0,131000,0
44,55,5040,47000,1
6,52,12648,73000,1
55,46,4440,76000,1
45,63,8400,96500,0
38,61,5856,96000,1
15,49,6600,47000,0
29,35,4560,45500,0
65,46,7944,64500,0
30,85,4800,66500,0
5,57,13176,84500,1
17,58,5520,79000,1
3,76,12516,101000,0
7,130,5940,113500,0
22,85,4200,127500,0
13,136,6000,71500,0
18,80,12000,126500,0
25,52,6960,113500,0
31,70,6840,61500,0
17,81,6960,63000,1
32,82,4980,61500,1
18,100,5160,106500,1
22,91,8004,64000,0
1,63,12684,94000,0
15,68,7800,151500,1
19,86,13704,115500,1
1,105,5400,107000,0
6,70,7200,91000,0
32,130,6708,54000,1
5,115,6600,115000,0
4,30,7200,45500,0
1,64,1284,122500,1
2,63,16968,93000,1
32,42,2160,32000,1
21,75,14400,85500,1
9,35,9552,34000,0
0,59,4644,116500,1
11,49,1800,73000,0
7,116,7092,104000,1
6,100,6840,57000,0
1,117,9000,108500,1
24,115,3600,141500,0
23,120,6240,100500,0
32,86,5820,154000,0
34,72,4800,62000,0
62,144,1860,117000,0
5,35,7500,36500,1
4,110,3120,77000,0
6,105,6840,80500,0
48,77,5340,81000,0
34,60,1320,47000,0
6,200,3600,95500,0
26,28,3036,34000,0
0,20,3600,120500,1
62,79,5832,74500,0
3,55,12000,110500,1
42,82,6888,65500,0
25,84,6600,125500,0
27,64,12360,94500,0
1,12,5280,13500,1
1,72,22800,90500,1
0,22,7800,8500,0
4,38,9120,30500,1
1,64,14400,102000,0
19,84,8160,143500,0
0,33,3288,160000,1
1,105,24000,156500,1
9,55,5328,74500,0
1,82,4920,125000,1
3,100,6180,169000,1
4,80,20400,74500,1
14,79,7704,100000,1
5,105,19800,169500,1
12,75,5952,111500,0
5,75,7416,122000,0
5,54,6480,112500,1
2,71,6720,110500,0
1,35,8400,42000,0
11,130,6480,138500,0
19,120,9984,179000,0
6,56,10800,102000,1
0,72,6348,50500,0
0,35,6000,33000,0
1,20,6192,7500,0
5,120,4800,95000,0
26,70,5880,90000,1
3,62,15000,89500,1
25,61,6000,128000,0
6,72,4500,100500,0
11,70,6240,120000,0
2,61,6000,73500,0
6,70,15600,114000,1
6,220,11700,195000,1
60,95,6504,102000,0
1,62,12744,92500,0
42,240,24000,145500,0
22,64,8400,66500,1
2,24,6048,78000,1
34,150,2988,104000,0
17,130,4392,82500,1
36,150,1620,163000,1
65,80,3720,58500,0
2,22,6276,15000,0
50,60,240,24500,0
0,60,10272,42500,0
35,210,3684,96500,1
10,69,20040,88000,0
1,60,5844,12000,1
26,86,7800,95500,1
40,56,6000,139000,0
26,78,5712,67000,0
5,59,8532,59000,1
2,12,3720,7000,0
20,75,8652,177000,0
10,70,8760,109000,0
5,75,17376,88500,1
9,90,5736,131000,0
33,80,21720,83000,1
40,100,3600,60500,1
5,103,3000,106000,0
22,100,6360,67500,1
10,45,4680,95000,0
10,100,7368,154500,1
24,70,5748,65000,1
13,92,1020,55500,0
3,61,3240,98000,0
10,131,5160,181500,1
10,86,4440,138000,0
3,50,5976,95000,0
2,71,15072,111000,1
22,120,1200,181500,0
14,119,7200,132000,0
12,78,12000,111500,0
40,102,840,73500,0
18,46,10068,59500,1
10,24,3000,33000,0
0,40,4680,51500,0
4,24,5904,7500,0
9,103,16068,144000,0
5,39,3900,50500,1
25,10,2520,23500,1
0,62,5616,100500,0
16,52,4236,72500,1
26,70,12000,117000,0
3,30,2820,63000,0
0,75,20580,119500,0
4,40,9000,85000,0
5,95,7200,114000,0
17,90,9600,90500,1
25,37,7200,86000,0
1,140,24000,124500,0
9,60,9960,108500,0
10,70,10332,53000,0
20,88,14004,121000,1
10,72,12768,67500,0
0,60,5904,81500,1
2,33,3108,72000,1
6,116,8040,148500,0
3,119,11124,129500,1
38,50,4032,65500,0
10,50,10800,111500,1
7,60,4320,30500,0
12,98,11760,139000,0
14,59,6864,106500,1
2,76,5160,114500,0
13,140,12000,124500,0
11,84,19800,132500,1
3,78,8400,77000,0
34,76,8400,77000,0
2,83,4800,119500,0
20,30,600,54000,0
3,60,12000,84500,1
13,107,7020,87500,0
7,102,4140,106000,0
8,120,5520,145000,1
3,107,6108,124000,1
0,58,8208,89000,1
34,100,5256,48000,1
11,120,7800,128500,0
0,75,8004,116000,1
2,27,6000,26000,0
1,62,14760,91500,0
4,59,4680,47000,0
57,65,240,45000,1
1,59,15192,102000,0
3,46,10320,48500,0
13,120,960,120000,0
34,75,1200,60000,0
1,44,5340,79000,0
18,53,7056,85500,1
30,50,6000,71000,1
12,30,5640,88500,0
5,70,6120,135500,1
21,100,6240,114000,0
5,95,6000,143500,1
0,105,5160,104500,1
12,112,5880,107500,1
8,117,3960,184500,0
4,70,6000,107500,0
6,35,2100,77500,1
40,70,10824,133500,0
3,70,5400,123500,0
6,76,15348,58500,0
12,120,5880,119000,0
7,56,4068,146500,1
4,76,5760,102000,1
9,74,4800,83000,0
3,35,8880,44000,0
5,163,9300,167500,1
6,77,13200,82000,1
7,57,11592,59500,0
14,70,15600,165000,0
12,125,7200,179000,0
19,100,4800,89000,0
0,60,7200,6500,0
63,87,1440,93500,0
20,120,4560,85500,0
4,60,12960,107500,0
33,57,3840,54500,0
30,100,3600,99500,1
18,100,7200,81000,1
32,72,8940,112000,0
30,90,3000,29500,0
40,90,3840,48500,1
9,130,6240,118500,1
20,80,9000,114000,1
60,30,360,17000,1
0,59,12276,83500,1
37,42,600,42000,0
9,49,10320,110000,0
26,97,5220,72000,0
25,99,7200,84000,0
0,110,4008,53000,1
0,35,9792,38500,0
71,40,1500,75000,1
7,120,8400,185000,1
14,70,3600,73000,1
6,120,7860,189000,1
4,170,3720,115500,0
5,49,10992,69000,1
30,110,720,72000,1
23,90,9252,154000,0
36,75,11352,86500,1
6,51,5160,48500,1
12,107,3144,155500,0
2,53,5112,24500,0
40,155,4392,100500,1
3,76,11616,98000,1
1,130,3540,70000,1
5,66,7560,158500,0
34,70,4680,29500,1
2,58,15312,111500,1
31,121,2424,101500,0
15,100,876,111000,1
70,53,3648,57000,0
24,80,7800,106000,1
23,81,9000,113500,0
37,88,10800,167500,0
13,81,1800,96000,0
5,138,19200,78500,0
24,61,11400,65500,0
0,86,20400,92500,1
4,70,13200,98000,1
46,25,2556,23500,1
24,25,2400,27500,0
37,70,5820,64000,0
36,112,6348,69000,1
20,150,18000,186000,1
5,137,960,114500,0
23,118,8400,73500,0
4,56,11328,97000,0
4,37,3600,41000,1
33,232,0,87000,1
9,97,5028,50500,0
42,215,6600,115000,0
23,120,1944,59500,1
1,90,4200,122000,1
14,110,10800,175500,1
16,145,18000,124000,0
19,48,10824,48500,0
5,70,6144,93500,0
9,102,3660,100500,1
0,47,11196,37500,1
4,64,4920,75500,1
40,130,3540,69500,0
36,72,4596,33500,0
25,75,480,137000,1
48,150,7740,121500,1
20,120,5532,160500,1
10,120,3720,51500,1
83,40,0,24500,0
65,56,744,21500,0
3,119,9000,99500,0
24,100,13800,153500,1
16,130,9672,153000,1
10,56,2340,80000,0
24,108,2004,116000,0
2,70,8400,65000,0
15,176,7800,140500,0
18,120,3960,159000,0
28,117,7200,92000,1
3,72,6036,164500,0
6,120,7284,129500,0
14,72,6480,54500,0
38,76,3420,79500,0
4,60,13200,96000,1
59,156,1800,112000,0
13,120,1080,88000,0
61,60,3120,85000,1
59,62,360,56000,1
63,111,6924,104000,1
9,165,9000,154000,0
13,70,5580,115000,0
12,76,12300,87000,0
3,73,5616,76000,0
8,120,4200,132000,1
7,76,14244,71500,0
8,120,6000,121000,0
45,86,5100,72500,1
12,88,2160,83000,0
2,61,1476,92500,1
58,86,684,54000,0
39,79,16680,97000,0
37,250,1800,174500,0
20,112,6864,135500,1
9,119,7428,129000,1
1,52,9612,64000,0
37,74,6564,65000,1
31,140,2040,116500,1
11,94,9120,102500,1
61,144,4560,84000,0
4,120,6600,124500,1
17,164,5640,141000,1
10,160,5220,110000,0
10,78,6024,115500,1
28,110,6000,95500,1
26,150,5400,140000,0
32,132,7620,74500,1
4,80,5340,60000,1
2,75,6300,163500,0
0,75,6120,131000,1
15,120,3912,119500,0
2,66,14160,67500,0
12,60,14400,98000,1
11,125,6888,114000,0
38,110,3720,75000,0
44,240,11496,115000,1
21,100,6252,183000,0
1,35,5400,10500,0
27,139,1560,77500,0
11,56,2172,50500,1
14,70,10800,124500,0
16,70,9600,104500,1
25,105,20400,77000,0
38,182,1320,45000,0
17,79,3240,98000,1
42,45,4272,47000,0
0,78,5352,9000,0
15,143,5304,150000,1
2,60,18000,72500,0
1,61,7200,68000,0
0,75,18000,94000,1
6,118,5400,133500,1
21,48,3036,73000,1
4,80,6180,139500,1
20,52,4368,57500,0
3,95,13716,98500,1
53,130,3600,96500,0
18,100,2496,100500,1
0,43,12336,38500,1
51,85,1992,7000,0
56,58,7860,54500,0
59,100,5196,49000,1
10,130,6396,109000,1
1,33,2220,11500,0
50,45,0,28000,0
3,110,14400,107500,0
4,51,4200,111000,0
10,90,3492,129000,1
15,110,8364,105000,1
17,100,9600,127000,0
24,54,9120,89500,0
38,116,5004,140000,0
7,56,7800,87500,0
3,105,3828,140500,1
35,88,5616,48500,0
19,99,2376,144500,0
0,93,18672,42000,1
15,144,6840,98000,1
50,55,720,47500,1
4,120,4680,106500,1
70,68,600,65000,1
47,80,0,60500,0
28,105,11688,64500,1
0,34,10800,11000,1
0,60,2040,42000,0
71,84,5160,85500,0
30,50,1200,42500,0
6,138,7800,148500,1
44,88,1200,140000,1
20,120,11880,118000,0
18,120,7716,310000,0
38,51,5916,69000,1
13,120,7560,109500,1
14,80,8004,228500,1
6,121,9660,163000,0
0,32,10056,78500,1
21,98,7020,135000,0
40,120,9600,186500,1
10,126,7380,171000,0
29,150,3960,214500,0
10,100,3600,172500,1
17,80,4944,96500,0
1,25,4884,23500,0
31,63,10800,86500,0
46,140,1404,81000,1
67,90,2160,63000,1
71,82,6612,47500,0
67,76,6132,30000,1
-9999,10,0,28500,0
76,75,3348,48500,1
46,88,6540,108000,1
1,46,2400,91000,1
23,60,1500,124500,0
2,35,3000,52500,0
10,62,10764,72500,0
0,114,9600,23000,0
42,70,840,86000,0
27,100,4200,57000,0
15,50,12000,51500,1
14,130,4200,149500,1
0,60,15000,110500,1
6,120,5280,133000,0
4,100,5100,127500,1
0,35,10800,13000,0
4,45,3780,38500,0
0,55,5976,135500,1
46,53,4368,24000,1
1,96,2352,156000,0
4,59,12000,53500,0
1,47,3120,78000,0
1,40,3960,77000,1
5,34,2244,41500,1
15,100,8520,189500,1
23,20,3600,42500,0
17,68,9312,108000,0
10,71,6600,138000,1
0,33,12000,37000,1
2,114,4632,101500,0
1,34,7440,92000,0
20,76,7380,108000,0
13,80,12000,113500,0
2,59,5400,111500,1
1,52,10200,107000,1
19,94,12600,131000,0
1,47,9600,79000,1
15,57,3900,101500,1
2,44,5664,100000,0
1,100,9600,150000,0
12,49,5160,101000,0
4,54,8544,79000,0
1,52,13440,82500,1
4,82,13560,104000,0
3,80,6960,102000,0
1,67,12000,107000,1
1,57,13920,83500,1
3,39,6780,64000,1
0,34,9960,13000,1
1,100,7740,144500,0
1,130,7200,131500,1
29,70,2952,37000,1
0,70,4200,75000,0
2,200,15000,130000,0
0,130,28980,108500,0
19,130,7800,134500,1
2,56,10380,85500,1
17,107,648,141000,1
36,70,7860,86000,1
17,76,11712,107000,0
13,130,12600,133000,0
42,82,7200,34500,1
8,97,5400,94000,1
1,150,4152,69500,1
10,107,4800,121500,0
6,37,3720,54500,1
10,144,7080,164000,0
8,104,4920,59500,1
53,100,5640,165500,0
61,45,0,47500,1
44,70,720,50000,1
58,50,2400,46500,0
8,100,3300,110500,1
2,28,6360,22500,1
23,120,10296,89500,0
35,75,5100,62500,1
26,130,5340,135000,1
17,110,5760,166000,1
38,98,4188,112000,0
66,50,600,86500,0
10,30,3348,44500,1
40,60,252,55000,0
10,118,2652,107500,0
3,105,2172,132000,0
33,140,4740,83500,0
79,20,1200,25000,1
25,78,8400,86000,0
2,118,7800,149000,1
3,25,3600,22000,0
9,100,3000,89000,0
30,56,7800,109000,1
28,78,7200,117000,0
17,44,9000,105500,1
16,66,2520,69500,0
4,102,8520,144500,0
0,125,34320,67000,0
5,120,1200,122500,0
40,100,3456,78000,0
10,76,12720,87500,0
15,62,12000,148500,1
49,130,300,56500,0
17,84,17460,57000,0
56,40,1800,49500,0
11,68,7920,123500,0
56,68,6120,93000,0
1,61,12000,101000,0
3,120,6180,127500,1
8,90,7920,124000,0
11,112,4800,169500,1
12,119,9000,132500,1
6,48,9120,62500,0
0,30,7200,96500,0
3,105,6240,117000,1
0,115,23400,90500,1
8,140,5736,89000,1
15,110,4656,143000,0
22,54,12864,63500,0
17,120,3000,141500,0
8,117,9600,97500,0
0,30,9600,49000,1
34,79,5700,132000,0
0,25,5916,36000,1
52,45,996,30500,0
18,90,2700,143500,0
11,65,5304,62500,0
54,115,4056,57500,0
12,232,11004,49000,1
44,85,684,139500,0
5,134,6000,135500,0
1,68,10200,90000,1
4,80,13200,138000,0
12,107,6432,107000,1
29,64,3720,44000,0
23,100,1800,147000,1
15,70,3096,44500,0
13,66,7008,86500,0
14,59,9960,64000,0
1,60,6000,27500,0
4,53,5784,102500,0
0,117,5640,54500,1
8,71,9600,92000,1
7,85,6000,93500,0
2,23,4320,32000,1
5,32,7200,60500,1
6,70,4500,106000,1
15,63,5640,105000,1
3,60,10800,97000,0
6,80,5964,111000,0
6,70,8004,125500,0
54,37,6000,42000,0
7,181,7200,146500,1
3,60,10968,54500,0
13,70,18000,107500,1
32,110,4500,43000,1
10,80,6204,142000,0
3,32,2892,51500,1
9,75,15600,137500,0
25,103,10956,108000,1
47,78,4140,82500,0
7,47,5400,131000,1
3,135,10200,173000,1
21,100,6000,105500,0
35,87,4992,160500,0
58,34,4764,56000,0
24,60,7008,51000,0
1,44,5952,15000,1
47,110,4284,95500,1
23,90,4800,107000,0
22,39,8400,22000,0
27,150,3576,102500,0
45,65,5856,198000,0
39,54,3708,87500,1
3,75,6000,118500,0
72,51,8796,42500,0
22,86,5760,132000,0
23,58,6000,85000,1
0,105,18000,99500,0
1,67,8280,55500,1
4,33,3912,41000,1
0,79,7632,146500,1
4,120,9600,162000,0
19,114,12000,160000,1
13,74,6900,38500,1
33,83,9888,158000,1
6,81,6096,146500,1
1,76,16716,82500,0
40,90,7428,72500,1
18,130,8724,99500,1
17,45,7992,50500,0
23,76,8880,81000,1
12,126,6108,117000,0
10,100,4416,94500,1
23,101,5100,63500,1
37,170,11400,126500,0
1,57,16500,67500,1
1,45,15144,118500,1
7,59,5268,110000,1
17,70,0,71000,0
30,137,804,47000,0
39,100,6444,112500,1
74,70,804,52000,1
25,106,540,51500,1
15,200,5400,119000,1
35,62,2148,20500,1
3,35,7416,38500,0
2,83,5700,93000,0
18,122,4200,94000,0
4,47,9972,36500,1
50,96,7200,94000,1
65,104,2160,80500,0
5,86,5760,103000,1
38,92,1800,44000,0
53,40,0,26000,1
51,100,7284,180000,0
20,119,10800,49000,0
4,105,0,130000,1
0,50,15600,60500,1
7,100,6720,59500,1
7,70,6000,54500,1
17,85,1800,185000,1
6,120,5136,114000,1
71,109,6060,175500,1
10,116,7440,155500,0
5,150,6300,52500,0
30,203,720,195500,0
32,104,3504,55500,0
1,45,11280,72000,0
4,90,2952,110000,1
36,113,6756,95500,0
16,105,8220,126500,1
5,80,7200,99500,0
6,80,4800,141000,0
1,58,6960,36000,1
0,50,11568,27500,0
35,35,10020,70000,0
5,60,9600,111500,0
6,120,8400,115000,1
6,76,6000,194500,1
3,88,3600,75000,0
10,28,3504,53000,1
19,90,3960,115000,0
24,60,4680,66500,1
10,90,13740,79000,0
60,235,1992,246000,0
26,95,744,127500,0
0,215,11592,114500,0
14,21,2604,41500,1
40,98,648,28500,1
18,87,9396,83500,1
30,103,8868,170500,0
25,55,5880,53500,1
4,43,9312,39500,1
3,60,11400,92500,1
29,100,6660,128500,1
16,71,7560,138000,0
13,64,16128,120000,0
2,111,6840,89000,0
15,78,15588,77000,0
21,80,10440,117500,1
19,96,7776,77000,0
13,130,7848,128000,1
7,59,7968,39500,1
5,79,5688,66000,0
24,72,1680,109500,0
9,70,15600,96500,0
60,90,1236,62000,1
2,90,4500,55000,1
34,120,4200,102500,0
78,105,1440,76000,0
29,26,6120,48500,0
2,80,5040,13500,0
21,100,7200,90500,0
18,110,8220,145000,1
9,73,6804,114000,0
10,36,8400,26000,1
15,48,4800,58000,0
36,53,5136,86500,0
16,69,14400,84000,0
16,146,5112,152000,0
10,120,7320,132000,1
12,100,4620,104500,0
24,32,1416,28000,0
28,74,14400,161000,1
5,32,8400,109500,0
3,80,12156,60000,0
30,53,4800,75000,1
1,47,4320,36000,0
7,35,9264,34000,1
20,52,7392,68000,1
3,105,12000,147500,1
0,72,6084,137500,0
3,65,16008,97500,0
15,100,13200,168500,0
17,84,8736,209500,0
0,60,12132,125000,0
8,200,7860,161000,0
3,95,9720,86000,1
2,20,6840,16500,1
37,70,0,26500,0
25,140,1116,30000,1
28,36,840,120500,1
62,100,552,79500,0
14,130,360,66000,0
1,34,8568,26000,0
42,57,14376,61000,1
33,75,7200,106500,1
50,12,0,56000,0
13,250,12000,115000,1
39,60,3324,73500,1
22,100,7800,133000,0
36,45,648,58000,1
19,120,8040,230000,1
10,85,5880,116500,1
38,150,3720,131500,1
40,65,3240,30500,1
55,80,4032,70500,0
41,90,1056,83500,0
34,51,7512,62500,1
0,68,7500,13500,0
1,126,4200,94500,1
11,62,12360,103000,0
32,100,19200,118500,1
0,83,6732,122500,1
14,80,5520,152000,1
9,33,420,31500,1
0,46,5148,10000,1
11,109,7248,117000,0
26,79,6252,84500,0
22,38,7800,145500,0
7,78,3048,140000,0
7,61,4680,102500,1
13,140,1452,140000,0
12,120,12720,133500,1
5,150,8544,104000,0
0,15,9600,34500,1
4,75,7560,92000,1
19,80,9804,144500,0
25,100,4392,60500,0
6,76,6108,118500,0
0,80,4800,92000,1
6,58,15120,109000,0
7,150,6420,142000,0
13,55,12000,78500,1
10,52,14400,72500,0
4,62,12468,82000,0
1,20,5748,14000,1
1,147,9036,287000,1
20,100,9000,34000,1
6,58,4440,53000,0
0,43,3324,45500,1
25,58,4200,81500,0
2,103,6000,124000,0
22,100,6000,121500,0
12,31,3084,35500,1
12,120,5160,127500,0
10,119,5400,111500,1
7,100,4800,136500,1
5,88,4800,135000,0
8,119,7200,138500,0
12,130,10800,134500,1
43,190,2400,124500,0
2,58,9960,102000,1
3,78,5400,92500,1
10,105,6000,127000,1
3,79,5220,54500,0
10,73,16200,117000,0
29,105,3600,123500,1
35,105,8700,133500,1
16,57,16800,138000,1
36,80,6720,72500,0
17,120,4200,178500,0
51,150,2316,87500,1
35,117,7680,105500,0
29,25,4152,31500,1
66,83,7800,55500,0
63,40,7200,52500,1
35,180,6360,71500,1
1,43,6384,6500,1
3,90,6000,73000,1
36,120,8112,166000,0
1,141,4500,152000,1
18,100,8280,195500,1
25,82,20400,117500,1
14,96,15408,110500,0
7,76,7932,122500,0
31,90,5916,117500,0
11,107,5592,112000,0
0,55,14400,11000,1
8,200,10800,146500,0
10,100,6600,114000,0
60,90,4440,124000,0
7,130,6360,123000,1
25,106,4800,69500,0
16,130,5760,153500,0
58,30,8460,31000,1
3,65,13200,120000,1
9,114,4200,215500,0
18,30,19200,131000,1
20,23,1140,26500,0
60,96,2760,55000,1
31,35,2760,30500,0
42,45,816,29500,1
22,100,3840,75000,0
16,74,8784,118500,1
17,104,1248,81000,0
20,52,3420,67000,1
52,85,7428,28000,1
41,100,3612,117000,0
8,120,5688,106500,1
16,57,6672,43500,0
44,40,480,26500,1
12,60,4320,107000,0
63,35,3060,43000,0
9,100,21600,93500,0
30,108,4560,106500,1
22,120,1200,101500,0
0,45,7920,30000,0
17,68,6000,107500,1
21,49,10692,66500,1
2,27,7800,22500,0
20,105,6600,6500,1
18,120,3600,121000,0
17,120,1200,238000,1
16,120,6600,92500,0
0,24,4812,43000,0
19,101,3204,116500,0
4,100,1248,8500,1
12,16,2400,23000,0
47,119,1968,74000,1
10,185,6000,310000,0
1,130,12300,90500,1
5,76,9660,87500,1
19,34,7416,35500,0
5,59,0,54500,0
11,124,19680,161500,1
23,108,5952,173500,1
36,101,5400,145500,1
17,80,18000,140000,1
0,15,3120,8000,0
9,29,4800,39000,1
32,60,4968,59000,1
46,76,15840,59500,0
3,53,3000,79500,1
5,114,8400,130500,0
9,31,4464,91000,0
6,165,12840,310000,1
3,30,2796,108500,1
4,25,6000,31500,0
7,70,14460,6500,0
8,75,18000,69000,0
0,54,5280,55500,0
3,56,5280,84000,1
18,87,8808,163500,1
7,55,10200,94000,0
0,56,11556,44500,0
0,80,3996,111000,1
2,30,9960,39000,1
4,100,7800,164000,0
0,50,4140,66000,1
3,29,7764,22500,0
3,120,8340,149500,1
24,99,11880,145500,0
13,45,4800,107000,1
0,127,7164,164000,1
0,70,3600,85500,0
39,42,4356,34000,0
17,100,5640,193500,0
0,76,5040,78500,0
26,58,4800,24000,1
46,66,6000,70500,1
8,100,5928,151500,0
4,86,6360,140500,1
20,59,4584,59500,0
4,67,8040,179000,1
26,48,4800,59000,1
6,57,9960,56500,0
4,55,5016,27000,0
11,52,11520,123500,1
6,110,6000,158000,1
9,78,3720,117000,1
3,48,4080,121500,0
3,84,11124,112000,0
17,85,4212,113500,1
10,95,6000,197500,1
14,246,15000,126500,1
10,250,5400,127000,1
3,20,4800,28500,0
39,36,5784,93000,0
3,65,14640,77000,0
5,34,2520,39500,1
9,66,9600,48000,0
8,75,7800,125000,0
9,89,10800,159000,1
12,94,18720,98000,1
9,93,9600,143500,1
2,58,14652,95500,1
2,64,13200,106500,1
0,96,13752,94500,1
2,62,13992,79000,0
3,60,8220,60000,1
10,119,6000,130000,0
9,59,15600,98500,1
8,120,6240,83000,1
4,138,10440,174500,1
0,165,30000,310000,0
20,70,7608,131500,0
22,95,6120,83500,0
24,75,8100,132500,1
3,48,4440,107500,0
16,34,10320,38000,1
1,70,15600,67000,1
2,34,4440,49000,0
7,57,5364,35500,1
16,75,6516,144000,1
2,19,5400,20000,1
2,154,9000,151500,1
4,28,4200,86500,1
14,140,10200,222000,1
16,120,10320,77500,1
3,74,16800,93000,0
15,100,948,87000,1
28,80,2064,55000,1
34,99,14352,96500,1
79,133,9036,62500,1
26,99,5640,96000,1
16,48,4896,21500,1
41,125,1896,96500,0
3,138,6000,119000,1
45,100,6732,81000,1
1,36,4080,46000,0
37,125,5400,206000,0
0,47,8796,104500,0
62,100,7500,80000,0
10,89,6000,103500,1
31,103,3996,100000,0
18,91,4608,83500,0
80,93,7968,148500,0
27,82,8400,66500,1
12,52,4488,76500,1
6,90,15000,72500,1
1,78,5640,110500,0
0,65,4200,87000,1
6,83,7800,126000,0
17,74,13140,170000,0
2,51,12312,33500,1
1,56,13308,59500,0
2,34,9012,38500,0
18,80,14400,127000,1
17,45,3000,109000,0
3,170,9600,175500,0
4,117,3600,120000,0
0,27,8400,28500,1
3,47,3000,103500,0
4,82,8088,112500,1
5,97,12960,145500,1
0,35,0,31500,0
6,90,5040,127500,0
1,86,6000,175000,1
13,78,7488,72500,0
13,76,7224,82500,1
19,100,7548,97500,0
16,75,6912,58000,1
5,58,9708,108000,0
5,34,8064,35500,0
8,79,13248,99500,1
10,70,10080,150000,0
3,33,10344,54000,0
10,92,6600,103500,0
30,110,3696,56000,0
10,119,7200,185500,0
5,97,8400,160500,1
2,95,4800,139000,1
0,15,0,6500,0
20,128,3780,115000,0
20,100,14400,152500,0
0,63,15828,39500,1
5,58,5916,34000,0
9,91,8736,77000,1
26,57,4848,58500,1
0,85,11100,83000,0
2,37,4440,72000,1
5,75,7560,171000,1
24,111,14400,310000,0
14,100,10212,146000,1
0,87,16800,107500,0
0,60,17280,82500,1
10,75,14712,130500,1
10,77,10800,106000,0
6,65,9600,109000,1
8,77,10560,107000,1
3,115,30000,129000,1
23,30,6600,35000,0
14,63,10800,196000,0
12,40,4560,33000,0
8,62,7236,129000,0
48,30,2880,61500,1
73,220,13704,109000,0
7,74,6600,125000,0
2,35,4200,43000,0
14,36,4116,52000,0
1,138,12000,140000,1
15,75,13200,106500,0
6,72,16128,79000,0
22,114,12000,162000,0
0,50,7200,49000,1
18,65,12600,98500,1
22,51,5772,37500,1
13,105,7596,178000,1
18,250,15000,113000,0
32,63,11760,94000,1
1,10,0,39500,1
14,93,12000,171500,0
44,70,6384,112000,0
67,74,1656,73000,0
40,200,960,78500,0
2,117,3900,138000,1
0,49,13548,70000,1
10,55,11088,47500,1
12,113,3492,109500,1
17,98,12240,201500,1
18,100,6840,93500,0
1,75,19200,78500,0
3,62,12600,135500,0
2,123,12780,161500,0
6,160,13800,310000,0
27,106,18000,104500,0
5,100,11400,180500,1
18,127,10800,220000,0
20,111,7200,116000,1
6,75,7200,118500,0
31,100,7440,182500,0
1,70,8160,71500,0
7,28,5940,51000,1
8,98,5160,107500,0
6,118,6000,91500,0
18,55,3180,105500,1
3,101,5460,159000,0
30,79,7500,93000,1
40,75,2160,40000,0
69,90,3840,152000,1
13,170,8916,200500,0
3,100,5400,56500,0
20,160,26304,174000,0
12,100,8640,149500,0
22,100,7680,66500,0
52,28,14400,28500,0
10,24,5400,42500,0
19,125,3900,61000,0
16,220,0,272000,0
19,245,9276,146500,1
4,119,6000,142500,0
3,112,6480,119000,1
0,45,5520,54000,0
55,65,696,41500,0
20,56,6048,35000,0
4,68,11136,79000,0
9,75,5172,50000,0
6,170,10560,173500,1
0,110,9600,140500,0
2,59,11244,60500,0
18,57,9096,34500,1
0,14,4980,37000,0
7,89,10008,179000,0
11,122,11700,196500,0
29,80,3600,53500,0
26,48,4800,72500,1
1,52,13428,22500,0
10,74,6600,84500,1
38,42,4800,116000,1
0,60,6000,73000,0
12,64,7200,122000,0
4,105,6780,137000,1
17,79,14268,82500,0
5,91,6720,120000,1
5,76,9000,91500,0
2,54,9660,53000,1
15,90,6000,104000,1
7,30,6036,32500,0
0,33,8376,33500,1
12,75,6600,139000,1
5,110,7992,135000,1
10,44,8424,37000,1
9,120,5520,124000,0
1,100,6252,155500,1
23,96,5880,74500,0
4,65,4680,61500,0
16,106,7812,74000,1
13,76,4800,106000,1
27,80,1140,44500,1
54,80,4920,62000,0
29,70,3960,78500,1
1,48,3840,17000,0
12,105,9144,119500,0
2,80,4980,64500,0
80,60,3408,71000,0
0,61,14292,45500,0
46,35,3600,30000,0
24,110,1200,157000,0
26,66,6336,91500,0
0,30,7200,30000,0
47,79,6096,41500,0
8,112,5760,113000,1
21,65,3600,143500,0
54,93,8040,68500,1
9,100,7800,165500,0
20,100,7392,119000,0
23,100,5040,66500,1
0,75,7236,76000,1
24,60,780,47000,0
44,84,3120,96500,0
1,52,13200,27500,0
24,47,6000,44000,0
4,138,2004,146000,0
34,60,3600,102500,0
50,54,5280,87000,1
61,68,3972,54500,1
23,145,4680,172500,1
34,92,12000,29500,0
3,77,11400,82000,0
2,105,5580,118000,0
8,128,3420,67000,0
15,100,7200,170500,0
7,67,7800,77000,1
3,130,3060,163500,1
2,35,3480,37000,0
49,60,4320,31500,0
3,35,7200,45500,0
26,84,8004,105500,0
9,98,6600,96000,1
16,160,3780,138000,1
41,74,9096,44000,0
8,108,9264,115500,1
49,130,2784,95000,0
20,70,504,88500,0
43,60,624,131500,0
20,34,3096,47000,0
63,35,144,102000,0
0,55,6312,33000,1
20,136,2040,173000,0
3,60,6900,92000,1
52,90,2160,136000,0
22,180,67488,229500,1
2,79,19428,91500,0
19,120,8688,75000,0
2,74,9600,70000,1
18,59,300,38500,0
25,34,5196,31500,1
3,33,7800,81000,1
9,120,4200,123500,0
16,100,22200,101000,0
0,69,15900,117000,1
45,150,3672,96000,1
7,120,5688,172500,0
30,150,10800,184000,0
12,31,7800,29500,0
44,110,3600,101000,0
2,103,3960,99000,1
0,104,7800,109500,1
0,35,9240,79500,1
35,37,4440,52500,0
18,120,7200,86000,0
37,100,6240,50000,0
11,75,18000,79000,1
57,210,9300,238000,0
0,68,8196,56000,1
5,32,7668,16500,0
3,80,15000,94000,1
0,12,0,25000,1
11,75,4200,105500,0
12,100,7440,106000,1
24,74,5760,105000,0
14,61,7860,123000,1
5,75,10860,120000,0
30,79,4320,51500,0
13,100,7320,104000,0
2,100,5592,64500,0
35,140,600,107000,1
86,18,0,38000,1
79,80,3000,84500,1
41,80,6000,82500,0
20,117,6600,117500,0
24,18,27000,72000,0
11,35,9600,84500,0
16,165,7068,88500,0
16,63,13692,59000,1
55,75,16440,56000,0
22,100,3600,95000,1
34,210,5400,90500,0
31,75,6324,108000,0
47,38,6000,39000,0
9,47,7476,107500,1
19,54,9600,66500,0
15,119,5640,87500,1
37,180,3996,153000,1
12,57,5424,59000,1
19,110,5400,106500,1
5,220,1440,93000,1
16,150,4920,101000,0
1,43,7200,38000,1
20,75,18000,103500,1
15,170,9600,218000,1
1,32,3588,118500,1
1,89,15000,98500,0
1,48,10560,71500,0
19,65,6000,161500,1
47,170,5400,139000,1
3,80,5760,128000,0
0,60,15300,111000,1
12,71,8400,68500,0
50,89,5904,107500,0
0,76,17640,82000,0
7,119,3732,147500,1
2,20,7200,10000,0
24,80,6240,110000,1
7,100,5580,88500,0
33,100,6000,70000,0
3,138,6120,120500,0
5,83,4380,155500,0
24,100,6120,103000,0
2,50,4560,8000,1
5,42,4776,133500,0
0,71,6288,61000,0
2,61,7680,77500,0
6,63,8376,147000,1
2,49,10680,111000,0
0,42,14820,43500,0
10,60,7680,179000,0
4,43,6000,161000,1
40,63,8400,74000,1
2,36,8160,35500,1
30,85,6804,62500,1
46,122,3060,88500,0
3,89,12000,114500,0
6,42,7800,99500,1
8,81,8208,169500,1
2,46,8760,110000,1
3,106,6720,156000,1
7,74,8964,113000,0
3,122,6360,145500,1
0,21,2772,59500,0
3,88,5244,125000,1
30,60,3900,160500,0
35,120,6360,82000,0
32,57,13596,66500,0
2,58,14880,93000,0
5,58,11280,59500,0
15,84,888,60000,1
2,79,13200,122000,0
20,110,1500,58000,0
4,120,6000,161500,1
1,36,10020,106500,1
18,150,7056,205000,0
13,137,5880,93500,0
0,79,16800,63000,0
2,63,13800,39000,1
4,30,6876,22500,1
33,47,3360,48500,0
6,74,8400,59500,1
19,61,4800,71000,1
2,92,15000,164500,0
24,92,5400,205500,0
3,30,2448,50500,1
60,56,5784,78500,1
17,70,3516,119500,1
0,12,0,40500,0
43,39,9600,59500,0
4,102,6600,57000,0
0,90,4392,85500,0
0,46,9600,73000,1
17,56,12684,44000,1
16,59,5400,157000,0
6,72,15540,130000,1
17,15,0,10500,0
38,74,3732,115500,1
19,85,6120,80500,0
6,85,4416,128000,1
6,12,0,17500,0
12,117,5928,143500,1
30,25,2400,61000,1
5,96,8832,104000,0
7,75,1920,112000,0
32,110,624,9500,0
22,58,13200,94000,1
9,48,8388,68500,0
15,150,6600,164000,0
-9999,50,996,37000,0
0,136,6996,113500,0
0,52,11172,49000,0
53,110,2880,171000,1
9,110,4584,105000,1
0,39,12000,310000,0
6,115,11964,129500,1
54,115,1344,37500,0
9,75,14400,86500,1
3,55,11364,100500,1
23,30,6600,44000,0
42,140,8016,126500,0
0,23,6600,14000,0
11,82,5964,117000,0
7,124,7740,116500,0
3,63,17280,40000,0
0,61,14364,85000,1
3,47,7632,54000,0
7,48,4200,37500,1
0,24,8400,118000,1
6,70,12900,98500,1
13,92,14400,170000,1
0,44,9480,72000,1
11,73,6180,103500,0
11,48,10056,47000,0
15,90,7740,104500,1
16,175,6600,233500,1
11,76,12000,157500,1
16,90,2544,68500,1
37,200,5160,123500,0
4,99,5400,126500,1
33,110,3000,63500,1
